1_ground_force_vx_mean,1_ground_force_vx_var,1_ground_force_vy_mean,1_ground_force_vy_var,1_ground_force_vz_mean,1_ground_force_vz_var,ground_force_vx_mean,ground_force_vx_var,ground_force_vy_mean,ground_force_vy_var,ground_force_vz_mean,ground_force_vz_var,1_ground_torque_x_mean,1_ground_torque_x_var,1_ground_torque_y_mean,1_ground_torque_y_var,1_ground_torque_z_mean,1_ground_torque_z_var,ground_torque_x_mean,ground_torque_x_var,ground_torque_y_mean,ground_torque_y_var,ground_torque_z_mean,ground_torque_z_var
77.03659785946327,184.4158475518787,926.6583352125956,1720.9258638663127,75.29495437999329,101.31950300124927,3.6607261115212952,19.422167057120145,-14.232110950906256,129.26090659801588,2.1444182034312207,59.71331441464294,98.4935442221059,674.763834793027,0.0,0.0,-77.86777737515894,8037.508613116179,1.756742503322396,1.8739516079071312,0.0,0.0,-2.9500865264235876,7.406312350416109
88.96505334260762,219.26401294213701,954.5732400988942,1821.831478286612,78.67404514760689,101.85251931035707,6.605512490518933,21.792886404857956,-12.716327645984425,128.60886001375977,3.5445849424912854,59.22232377181704,101.73764940001803,717.2741400423096,0.0,0.0,-90.36895891501143,8646.229480448272,1.6323697170822857,1.8045892429553905,0.0,0.0,-2.9375033477177017,6.7803169526915
101.55408150302316,260.15312174670765,977.8717936168268,1844.4208370921615,81.39538808725952,101.69630366739914,10.149863355357923,25.73806038753842,-7.2600448018369566,136.70268122004046,5.513069144914512,59.054650932153066,104.3845555409643,754.3958064317684,0.0,0.0,-102.94816201330306,9175.481209005071,1.0961345427909228,1.7301244544958432,0.0,0.0,-1.8649896440076825,7.535871940636286
114.52266044854375,303.511580311776,994.6418825955649,1786.60322562087,83.20446826420448,101.76912618014823,13.950547986101538,29.510642828169473,3.9550543258990376,211.96913637687453,8.061233010183452,58.346806083920875,106.2033387641243,782.9558173361638,0.0,0.0,-115.16791532360944,9560.391103889411,-0.064068447814863,2.594920665238245,0.0,0.0,0.8144394201828509,14.942231997708893
127.49879028720987,340.62983960418063,1003.069634481571,1745.0876760690048,83.88618963887129,104.61993741745398,17.35113529005361,32.70160894126938,22.776231316940518,488.18108314877446,11.060172205061562,55.316011025064476,106.98725432913069,800.8454136978182,0.0,0.0,-126.5358405479141,9741.026697639743,-2.072404450905146,6.908672674834251,0.0,0.0,5.663948056594358,41.03083582596467
140.0110736057792,361.18887065510927,1001.5122775839385,1944.1028917478488,83.26396544866044,114.15321078772155,19.403894037167465,52.67995145166302,50.78987568813641,1133.2105640217503,14.209715357166683,52.04205758361369,106.56321312594127,807.7333410763389,0.0,0.0,-136.51893858569812,9683.975325142708,-5.133872419923312,18.729211727395054,0.0,0.0,13.180279757698278,105.45560049841225
151.48805328447705,366.6974238057114,988.58343755922,2660.6693046375194,81.2343420020369,131.66027280610314,18.885741274996615,111.14723457634668,88.96491889147767,2233.5084857573006,17.04754476628081,58.45002821104485,104.8025874224609,804.5399532035372,0.0,0.0,-144.56178976070854,9396.988898181407,-9.398613293005923,42.333859542459194,0.0,0.0,23.681465913627783,230.1329637043723
161.25765114752429,379.26593309156635,963.2543991332667,3997.268066956168,77.74202781319646,152.47359543769824,14.398962479766249,196.6072631061599,137.35698411555452,3647.7107889533977,18.945574075301344,81.08287344850643,101.62766134331304,790.7231558441694,0.0,0.0,-150.13401306488126,8918.709746861196,-14.919550041043527,79.43729134652354,0.0,0.0,37.23995633385707,427.4768309413196
168.5912529288117,423.806407023518,924.9047185142824,5684.226063398187,72.75463158131241,170.25858407492382,4.849394894551341,278.43727653184015,195.28892473565858,5140.927196604368,19.195085275633858,114.80680961430856,97.00834212526888,761.9963928668717,0.0,0.0,-152.76935346570744,8276.454632067032,-21.6629604918151,130.04971149336097,0.0,0.0,53.752403903441326,704.1717838079583
172.78540688319083,490.1889755678792,873.4101776936633,7222.598179427478,66.3020284899442,181.24028856338856,-9.931519574416209,347.7995733594642,261.60933129636174,6591.748695764109,17.21297435689675,149.42652962327836,90.96866691712196,713.338368541579,0.0,0.0,-152.08299781949697,7467.306958979043,-29.538658443303298,195.06749743286002,0.0,0.0,73.00684885160159,1078.6344369628514
173.17127530522538,539.6288144315365,809.2386850997118,8321.960088967953,58.5522772997232,185.24196224174176,-29.01650975484516,417.01217838166883,334.61148903960117,7929.706807419794,12.705691258100394,177.3578377129306,83.60336443219776,645.183432490801,0.0,0.0,-147.77190659526042,6496.863497136591,-38.38795012096043,274.2508892200521,0.0,0.0,94.59115703071231,1578.0800283684846
169.0932059367752,560.261681137308,733.6199335923318,9015.813071655124,49.868542223493904,182.61726445614613,-50.759577997985,497.2887696806625,411.7479867554773,9045.511346403038,5.6986763167700785,197.05012109357332,75.09998413395249,563.3447088120671,0.0,0.0,-139.68916560230213,5416.480699121618,-47.93143329811753,364.32642682642614,0.0,0.0,117.70324584474247,2213.4687997310084
160.06797315050903,574.8338756944373,648.6241697795937,9445.701713737537,40.75817336589416,173.5635539446119,-73.19033371457412,583.6176171360029,489.6697676250566,9854.02481856755,-3.4790225018196153,212.0319333036797,65.72913320013134,475.7312584519933,0.0,0.0,-127.94699619473963,4314.336465521564,-57.75176968661688,460.33336426014887,0.0,0.0,141.10155686653698,2960.965672605016
146.1016775025541,606.0214693266074,557.2569049558565,9700.486586046014,31.77498081550683,159.0349724151476,-94.25943517195783,659.7143556090595,564.8168074068765,10370.605699022166,-14.1971342825123,228.2383762085266,55.842781988503006,390.06506942535026,0.0,0.0,-113.0352423788445,3279.7751120779067,-67.37627967309906,557.9051323185143,0.0,0.0,163.2601120582027,3770.058004375056
127.79439853118888,655.0642987283111,463.28703077426235,9789.773495149579,23.467045989553817,140.2696968416219,-112.25281820244507,711.303836844678,634.2744163499814,10674.954809158666,-25.68664865741633,250.1717272305448,45.852414516951754,311.8027987434301,0.0,0.0,-95.8388202479378,2380.4819782331856,-76.40883556421004,653.0891656684247,0.0,0.0,182.6864580401534,4582.659590794445
106.24641133452066,701.7106348349014,371.07901164862056,9667.751025111033,16.36193793915833,119.65343220286798,-126.07258256548756,731.0161017126836,696.138193651496,10841.389395203636,-37.24129233679343,275.348162425226,36.21723554023016,244.12849139574337,0.0,0.0,-77.56550338906189,1653.6157992276944,-84.59083430119048,742.1058203105921,0.0,0.0,198.1650654858985,5346.450051524287
83.08356778642822,715.9453210768968,285.0933980085314,9297.087989524638,10.798276809101752,101.32454600266716,-135.3129963875607,721.3539373534747,749.6187829078232,10917.844134035897,-48.276057521356016,296.20557954374567,27.386172418451622,188.2303685199997,0.0,0.0,-59.56859227532554,1104.6848193657115,-91.81019879617823,821.9816155439944,0.0,0.0,209.0264092795616,6026.645773894198
60.264540590956315,675.6761860579918,209.23127406428588,8709.365239885201,6.808598428730832,87.92330592373355,-139.9718675289126,693.5084888364992,794.4806140909178,10909.977236015475,-58.270284477333405,306.626036717563,19.731605713367706,144.0620094934759,0.0,0.0,-43.066017462146185,714.4223642801247,-98.02454695427767,889.8638233967027,0.0,0.0,215.0660313253455,6609.160818400174
39.680491007598484,584.988199697493,146.02320292069575,8034.119434697517,4.169813397351516,79.13244138645751,-140.3978829821439,662.569173564876,830.7954718769439,10818.595711737837,-66.79208886561266,305.2623500235907,13.473462613601274,110.89975319638475,0.0,0.0,-28.938171104665965,451.47250793703597,-103.21934354588839,943.5961432843402,0.0,0.0,216.5051482368383,7099.879019123298
22.632572339377862,470.14921891044304,96.24270306300205,7428.525386014003,2.5675216757647856,73.90986734662629,-137.1873373058816,636.925510735081,858.7604867374588,10651.4154935919,-73.56249448453926,294.8105729307423,8.650507909901377,87.57381355097898,0.0,0.0,-17.622517982496646,283.64061547166017,-107.38347436285217,982.0193890192834,0.0,0.0,213.86257380050222,7506.129418346273
9.682544783035455,359.3366566094302,59.24073426287257,6986.495921948847,1.699099818668298,70.99055390255508,-131.01432465350518,616.9783099286888,878.5662261320496,10418.533036438293,-78.4447140917646,278.6788751598031,5.152271167319058,72.47222553208087,0.0,0.0,-9.177125438481198,182.79191319302547,-110.49705586701144,1004.8974509392484,0.0,0.0,207.7865498165372,7825.212889232457
0.7574416812754898,269.64127777154476,33.38028783012306,6723.494002119057,1.2744344623721553,69.03119812241633,-122.55026588391436,600.7362288070318,890.4602799553425,10135.850855091183,-81.44782023917263,259.2992814272915,2.7641521918549383,63.62073013432546,0.0,0.0,-3.366526984055211,126.4579669839425,-112.54729486790335,1012.8887239760811,0.0,0.0,198.96500111030892,8047.826678781646
-4.702545879634885,206.20333190070943,16.432146770230304,6602.507179030095,1.0318618665247747,67.69975594975797,-112.43081983546777,586.948826842509,894.9577371044779,9825.08398692652,-82.7446764356238,239.41643872846353,1.221758163980817,59.03023858750186,0.0,0.0,0.25965217752576647,97.70961446904998,-113.5692038103664,1007.8049021011856,0.0,0.0,188.07769990658474,8169.714979497223
-7.423264910787499,165.66023422034337,6.308230880245709,6564.811809960581,0.7984766078696539,67.06319559658546,-101.17561771084836,574.5738223499518,892.7093578341812,9510.821305083846,-82.56536286575628,221.88939984183085,0.30079564916580603,57.00789374995581,0.0,0.0,2.191943136843993,84.82445428678197,-113.6383671931713,992.1626693406791,0.0,0.0,175.69835514355677,8189.955662087727
-8.190518692258111,140.84272612602734,1.1389328334650777,6557.922520576849,0.5276381136903553,67.255853721994,-89.25031073763199,562.8896360018568,884.6557976512066,9223.048699719357,-81.15250035957739,209.34997637467626,-0.17409998346587585,56.266877954212596,0.0,0.0,2.922337251611833,80.02761642125914,-112.89950434397385,968.9418276709499,0.0,0.0,162.3156044250502,8112.026866542605
-7.701486807869087,124.8781175936097,-0.541588097451882,6548.004042780744,0.272033771297489,68.1584346867743,-77.09452791858989,552.0816110777713,871.8086497040852,8984.298925000945,-78.71543234005323,202.60706197134175,-0.3225788102429906,56.02625200034369,0.0,0.0,2.8590612573616374,78.49856621151851,-111.52213336961593,940.6715055860391,0.0,0.0,148.32608034472372,7945.422140652939
-6.516726982015254,113.71321013208434,0.12666871714183942,6518.120651530781,0.09023988798204312,69.50220846512612,-65.11794750910751,545.6324146316598,855.1428421055738,8783.638128360779,-75.46456908844527,200.8339483111369,-0.23528521003846828,55.88539288812686,0.0,0.0,2.323079394342289,77.79970521530569,-109.66164314055764,908.1283253053313,0.0,0.0,134.08690802122342,7705.710055956875
-5.05043115296604,105.68823545055014,2.243974080395769,6472.08928937288,-0.008895378564290311,71.22900491311884,-53.67994723074296,547.4494772243963,835.5525517237842,8554.169622334988,-71.628572407589,201.58954452416734,0.0029570065873211946,55.64695970333368,0.0,0.0,1.5762510643910752,77.6020008895079,-107.44207684773629,870.0052637625562,0.0,0.0,119.95054579575807,7406.278197667036
-3.6137697362196826,98.74959120442992,5.127235045831482,6474.70315151996,-0.03969244476790044,72.74571640059543,-43.110009495079865,554.0832959676544,813.7752242646934,8194.798879427,-67.44233570069304,200.44667023679696,0.3130464209258659,55.61256208949846,0.0,0.0,0.836646477420487,81.04019888897379,-104.95153233453638,824.0229645195305,0.0,0.0,106.26860500265578,7045.148687103349
-2.471484137605043,90.1724024258103,8.24168553007079,6694.83913047364,0.012582897913737684,73.40631689919474,-33.691064767747264,548.147287677095,790.5077399211151,7668.580682729339,-63.1400799712551,193.95712600986488,0.6271525050935104,57.25760902806447,0.0,0.0,0.274590445572702,99.53117811201408,-102.27249250792958,770.4720481894462,0.0,0.0,93.3805729890448,6607.26567298245
-1.7718613949519486,92.86386011001652,11.21123962350533,7346.061482663736,0.18024084289359374,74.79315719941405,-25.597691071614005,501.64210074748036,766.5067746401838,7115.885429406675,-58.93683055406379,183.69029527047942,0.9014873540984443,63.029987716658916,0.0,0.0,-0.020794983109891124,152.10745065982385,-99.50841550095896,715.2747954309328,0.0,0.0,81.54376796580638,6088.0428349925605
-1.4632141202121673,133.24172403158852,13.817663055263548,8536.737052766546,0.44728239171698564,80.20614312506065,-18.886297295776043,400.87536440692577,742.6131006886695,6842.0575902750825,-55.03749036051688,175.61688796000524,1.120818271628933,74.84029888360502,0.0,0.0,-0.05340595306618929,248.00352095201038,-96.78788648239374,669.0866592749592,0.0,0.0,70.8860415836268,5523.388752598726
-1.3734948509139417,203.7940409188874,15.906456941050608,10087.231126703779,0.7533292532630549,88.80815955206943,-13.47723854012706,271.958197572418,719.7574200180816,7087.333209362175,-51.63932658087548,172.96792386590346,1.2850331678433384,91.57924093677447,0.0,0.0,0.08068351127696813,361.0437446184304,-94.25178415593479,640.1679197496156,0.0,0.0,61.37655790284648,4992.377270934012
-1.3330254645112813,256.17182346443917,17.403806344706567,11588.323275213048,1.0594351991598472,98.43133043255504,-9.138032667259006,169.82711688521695,698.8964730498479,7713.441184642235,-48.89299465243159,172.20336412425607,1.4026264571541867,109.50481153590576,0.0,0.0,0.2540326056339391,440.6042356029784,-92.03261570762056,626.7915125056913,0.0,0.0,52.840344966962505,4564.42161419042
-1.265631823805754,259.7489950522922,18.317957282776483,12668.597898899789,1.3612756279681952,110.51315535365416,-5.579724277973664,119.62459591519142,680.8475888311992,8278.83037585291,-46.84548138360747,169.81446581105965,1.4804707768899847,124.45680019196166,0.0,0.0,0.35658028958492816,452.65840664631753,-90.23341739263824,619.2668623648987,0.0,0.0,45.0578675752121,4246.526878731647
-1.1584660008999943,224.60885773648633,18.710416320165926,13146.741650756745,1.6291539578020156,124.37747382904008,-2.5451785860715908,103.41968279793336,666.0188004361243,8503.474987842266,-45.444909102509435,166.10398155753563,1.5195425431182572,133.28731528496294,0.0,0.0,0.32690257106054055,401.30505190414834,-88.89034220954014,610.582722768175,0.0,0.0,37.82253990172204,4008.6807075532274
-1.0312863797401821,177.97149133167989,18.66850854138385,13059.395408912578,1.8046280280563596,133.92892426922103,0.1094072222158103,98.46405987856866,654.6098558253651,8429.844243811522,-44.620593569776005,163.0256108193502,1.5204035512838956,135.4775513654817,0.0,0.0,0.1815264739539016,319.43364427526126,-88.00741603730646,600.9297840980963,0.0,0.0,31.02249307245924,3828.2019498122113
-0.9122934663837785,138.20194148021767,18.2963582622016,12564.175331948058,1.8408626060135669,132.67358609770758,2.4748396611459085,96.18243233762306,646.7443887651866,8223.242235058255,-44.28856894803044,162.19369512982226,1.4883013112430745,132.4457955238921,0.0,0.0,-0.010326373955246734,239.77379582913412,-87.58612388277966,593.0193690328516,0.0,0.0,24.607967695715736,3699.660498706261
-0.822941220051587,109.82711398535055,17.714369395155117,11839.609591529983,1.7432611334913723,119.84475654938879,4.629934464854806,95.25988068773886,642.5541054667569,8016.966464166701,-44.377995308329986,162.45621423215292,1.4349897351197807,125.85669279836794,0.0,0.0,-0.17703455056763795,179.34247571287267,-87.6411565721729,588.5397676804175,0.0,0.0,18.541317602485428,3624.89902892041
-0.7758672993150953,91.56460336486363,17.055797085199195,11055.190578190002,1.572465603798994,103.3049108150144,6.655941196191758,95.54178429394265,642.1218157027057,7883.69627231262,-44.838891023081686,161.76417536946596,1.3775946020874483,117.52265988896788,0.0,0.0,-0.2736356170226998,142.8152460642091,-88.1902256559195,588.4737766143573,0.0,0.0,12.760673012830239,3604.5988881091084
-0.7841752074635382,80.7043183577639,16.432558488412635,10352.206714430911,1.401076288766729,91.38759136091345,8.646022074136367,96.52905892413953,645.498301682304,7861.630448374279,-45.66218934420952,159.53615504494715,1.3291876670691105,109.08924718686185,0.0,0.0,-0.2884083358805737,126.47869498970769,-89.25179805563131,593.8081611977964,0.0,0.0,7.180545387278299,3635.9811520773937
-0.854501846318716,74.39393605662652,15.8947579586091,9834.233536536516,1.270452465815346,85.93326173150639,10.713864183359467,97.56125783781235,652.6631780063053,7970.080073855875,-46.88280068634746,157.4768455087067,1.2958363213221307,102.23054487115924,0.0,0.0,-0.24928959699431621,121.56153215393327,-90.84028841764608,605.3009045294891,0.0,0.0,1.6842028003040865,3714.288059419671
-0.9654360078846798,70.4828009067723,15.389611847831674,9535.120019423699,1.168808046416864,84.24909157151954,12.993550513899924,98.15935895072084,663.5214314027959,8218.243288212767,-48.57744255438175,157.58607012705485,1.2707431829093943,97.48513330494592,0.0,0.0,-0.21769885203099193,120.39197067690223,-92.96283743344415,623.9299655605886,0.0,0.0,-3.882604416134098,3834.6081434967386
-1.0751347649498153,67.5473041484986,14.786518524993667,9438.910267871495,1.0611890012181713,83.1236715580704,15.641127268447892,98.08372962598371,678.0121834735091,8604.081640880302,-50.841238185418796,160.51601078815602,1.2395969938153408,95.03557815276517,0.0,0.0,-0.2670116833187679,120.96107745444004,-95.63535561879381,650.6204237021731,0.0,0.0,-9.699898714637687,3994.9417782482865
-1.1474115276505494,65.011591457972,13.943231734316502,9517.733495463715,0.9468618891897894,81.76559797630544,18.821863415715516,97.57372092686758,696.054921409213,9117.628583236747,-53.74250100531849,165.80846944950943,1.1869700196019999,94.97791840690446,0.0,0.0,-0.4560779080664599,125.66531676780909,-98.87284884040061,685.8131796702485,0.0,0.0,-15.939726360997561,4197.6558353088485
-1.1447208639375117,63.10397021434921,12.752666238735697,9757.79721365035,0.8520989047832546,81.16493696493036,22.706111380722472,97.56481836678658,717.5654432952692,9748.236539553218,-57.30083265428782,172.94572122367214,1.10113252896758,97.03632712887187,0.0,0.0,-0.8186709780791197,136.43908376786254,-102.6845936321758,729.7232192679617,0.0,0.0,-22.751859574353645,4450.059267130166
-1.0040789362967182,62.85376958133663,11.159690312899572,10171.921298566136,0.7902738090650525,82.9215868258158,27.459374221030853,99.64948654956437,742.3826296002683,10481.168827221269,-61.47871420484459,182.8708922316999,0.9776165798038478,101.22329164922832,0.0,0.0,-1.3669335721710028,153.54258167358194,-107.05867713068278,782.083635550353,0.0,0.0,-30.257191548638897,4760.988459074576
-0.6377800985582784,65.93070043906518,9.15003380725969,10780.7865540695,0.7395400115697516,88.73345702520592,33.23691612249383,105.56475729214253,770.2205266871081,11308.13998005146,-66.1963460021186,197.910866138899,0.8155843373155801,107.99808926720797,0.0,0.0,-2.0955625226963615,179.27446954849842,-111.95100461846181,842.4596656916009,0.0,0.0,-38.550794743050524,5137.885749050909
0.058286575118455,74.34266519800077,6.78208603363933,11587.912026607051,0.6457361006678924,99.06339740630523,40.16783615672859,116.9975863451227,800.5813388906334,12227.253003162125,-71.34201115197794,219.2549983404044,0.6171094667061012,117.95511600704906,0.0,0.0,-2.972541092976165,220.0438521897448,-117.27164631945512,910.7599074744485,0.0,0.0,-47.6919102919699,5583.6522509014585
1.2077536289809316,90.20769858559461,4.270206222942008,12564.967077329364,0.4303332753250914,111.95019173676708,48.34283496988271,135.7003150982708,832.7075545879344,13227.395872950672,-76.77530647249648,245.24853652656407,0.3934919720222881,131.14944379720254,0.0,0.0,-3.9287475952093,282.35822180062456,-122.88231808327652,986.8921300399538,0.0,0.0,-57.70320656118215,6094.345660507411
2.95201770433578,115.54381776964003,2.0854060881902075,13622.812008903862,0.013344409274305795,123.63656046353039,57.827118486234,163.1329001944144,865.5539798145038,14247.332627900618,-82.31214447661159,272.69936009923697,0.18003663671949516,146.6804175487436,0.0,0.0,-4.848890130197176,367.8698853830275,-128.59546266719587,1069.1359571424969,0.0,0.0,-68.57844849644957,6656.9186604423985
5.398931774460298,150.8351435192177,1.0212442320187574,14568.1060902071,-0.6543234025701083,131.48117039506485,68.61969866369053,199.83787341988753,897.7467495543247,15138.875401800906,-87.71031391038818,298.6185546210068,0.045577098374854866,161.85133829759897,0.0,0.0,-5.539644649518126,468.7139205912537,-134.16776330950623,1152.8878559856707,0.0,0.0,-80.23111205426257,7246.573644667981
8.568414164147047,193.15797470899952,2.181548366030357,15100.077287092437,-1.5731466880317724,135.85070582272454,80.62406679159741,246.23867546981197,927.6818543404803,15678.383571707589,-92.66982365478762,323.21718184439567,0.08980485263317585,171.30424880115783,0.0,0.0,-5.701199533898045,568.2375912942251,-139.3196456834646,1231.0315130445435,0.0,0.0,-92.45968096979513,7831.349588242897
12.353921126920618,234.66248253031867,7.019489270099415,14869.891859839701,-2.7030696570473784,137.00132074807436,93.63406000091271,305.57816829200084,953.5239926068327,15645.223481076611,-96.85544830796582,348.4061697981526,0.44953831919903026,168.96205167917577,0.0,0.0,-4.897444758702114,640.1823772422479,-143.74010871398139,1295.0103081044454,0.0,0.0,-104.94977153326668,8376.570487498488
16.429902311130405,261.6392724356972,17.328744854523,13676.40630134461,-3.958708357398276,132.3175232412454,107.28329300433205,391.0982945680492,973.1982601906037,15009.6913588957,-99.97492656359182,365.45178385506307,1.3022412668138568,152.8882568980569,0.0,0.0,-2.572683732710298,656.6297648279603,-147.09324814221475,1337.8147916019109,0.0,0.0,-117.2763377071275,8844.162153123256
20.159896215858872,257.41003223933257,35.14960007893478,11671.535666705831,-5.167842525672769,120.60902310067479,121.12735653154867,525.3595100681681,984.493826049344,13945.466713505313,-101.7698561880895,360.38936041548095,2.8559485632318204,126.85181119347766,0.0,0.0,1.8925994485602264,611.5777941078662,-149.0357451129341,1355.302613045594,0.0,0.0,-128.90664677335658,9192.72706074885
22.50395247675677,213.2682482267312,62.59107713622968,9430.192826958326,-6.005657856450717,107.74975844464561,134.67846075210076,713.8652419072009,985.1917521921372,12715.526386900056,-101.96157844194217,334.677212879985,5.33671785662871,100.01787191268404,0.0,0.0,9.106106069038802,539.9390595387637,-149.23325233486491,1345.7509236842966,0.0,0.0,-139.2035932651162,9374.597847442346
22.000996488702196,150.91043757476746,101.3687196492942,7725.852098587005,-5.9783838594070025,101.62677142563604,147.30760350661367,924.4983268608414,973.3041562767672,11617.798557581475,-100.27856740029809,304.49115808402814,8.945638800215228,83.7421406502697,0.0,0.0,19.521439398409967,515.052553387247,-147.39084818782933,1310.9356722923108,0.0,0.0,-147.481857172147,9333.248874684972
16.999677699234983,130.07221061354326,152.50428249991512,7116.503018138131,-4.483939227718164,104.59302351752984,158.19645690866426,1100.3462231379158,947.2398292587926,10849.174616596894,-96.48614200240777,285.8767327516967,13.820569573569944,86.8663607024674,0.0,0.0,33.34755821953807,620.8138171542473,-143.27648161300766,1252.9722694751133,0.0,0.0,-153.03921542072842,9016.311113671834
6.337080678666553,202.08262403127586,216.01637207135417,7596.030298489878,-1.026034082358152,114.52114120397141,166.39163300995796,1197.5653163064262,906.1372765758565,10518.01006260407,-90.48901939712312,280.9623249769062,19.990766907541026,111.80362673958614,0.0,0.0,50.541256200196294,911.3938077570192,-136.77756063630537,1174.0515061564747,0.0,0.0,-155.25655081850192,8401.354694522674
-10.12559516547895,362.60081670870386,291.0257377825332,8736.124581467635,4.590198794208158,128.29952658207964,170.8719733154149,1203.478756212877,849.7303922851845,10650.98812410313,-82.36996413110198,283.48538651436843,27.379586847252828,156.3731419753822,0.0,0.0,70.9386061766102,1403.3615128277438,-127.8860062057712,1077.3073222579549,0.0,0.0,-153.6000281227495,7498.286955153706
-31.305155651965666,570.9732578793355,375.4006436658424,10091.385403882887,12.131343752996152,143.09984467228023,170.74743994160823,1135.646288067294,778.8312742542944,11124.538441960109,-72.46356293617842,286.7088443800563,35.77199687819361,218.36549574740806,0.0,0.0,94.0932561027776,2093.6563724546277,-116.77455560922196,966.7707048341343,0.0,0.0,-147.74012603940145,6367.95684588747
-55.325428957225974,780.5141304096143,465.68695204618484,11312.188018786053,21.024235301083714,156.8209462648969,165.35780558558227,1029.2637468106414,695.3715956976822,11667.250546723466,-61.31772698201352,285.27582623476394,44.80150505686446,294.8696431602975,0.0,0.0,119.11887161004316,2955.4042623892497,-103.78910037632428,846.1595996919243,0.0,0.0,-137.59272624765035,5123.425039923426
-79.87151380990879,944.8486109922147,557.3158270477876,12137.0328477158,30.531500344477514,168.23115129769266,154.38608882115716,924.4914086976772,602.3940908444097,11995.173420806466,-49.614116758620035,275.0491656390614,53.96588670004434,380.5413915095357,0.0,0.0,144.64477467044944,3929.200612416453,-89.43678788921811,719.4205052605438,0.0,0.0,-123.39443867766694,3901.5811143185692
-102.5111369703025,1033.3926166386264,645.3965250348665,12439.123821534884,39.925653754830456,178.73654748739935,138.17864861400466,848.032760334122,504.0958725432183,11903.44640124509,-38.144004394654615,251.82676685665916,62.73522658352507,468.9452170242297,0.0,0.0,168.97463722390088,4935.503888786031,-74.37920932598695,591.7488865540892,0.0,0.0,-105.87310748315534,2823.779594097113
-121.20368949356852,1046.3541039831066,725.680778958321,12259.757607426573,48.721880627496304,191.41159069397338,117.75077386008056,797.2510747794746,405.42031272871094,11294.069377906842,-27.749466416607728,214.59929471546408,70.68982808262268,554.361791972993,0.0,0.0,190.35731015670112,5902.6359656252125,-59.36632410066006,468.92711847926677,0.0,0.0,-86.1946895906194,1955.896032247798
-134.6543660596476,1006.8704147067403,795.0614723420268,11751.252406454587,56.83930147413298,206.42713291810747,94.73207620565158,746.4126824621726,311.5764004225134,10198.060919106134,-19.089660060606263,170.00003125161044,77.56996065797941,631.9537220438384,0.0,0.0,207.24981638886027,6787.222573426765,-45.17289436790252,356.86871588500577,0.0,0.0,-65.86733569241692,1308.5939413025221
-142.19392791036788,942.6897500869502,851.407800643611,11070.678726928549,64.4738904086345,220.8463054853744,71.20497720113372,664.9648546955689,227.48100343790972,8765.414132580383,-12.419745137425048,128.92120315200702,83.23060747556293,696.9776183964372,0.0,0.0,218.43625057640725,7568.82565287277,-32.53072307795082,260.65953564407044,0.0,0.0,-46.53424836203637,852.9938635376536
-143.93756611957158,878.0136427444236,894.0819658212797,10355.001204284416,71.78099882298706,232.99815090234202,49.2781394442772,545.9198830235304,156.3580439827473,7267.748342978824,-7.507029890698861,99.08090371656257,87.66323094037655,746.1550808007946,0.0,0.0,223.46554313972257,8246.17075536574,-21.921208738830877,184.2028862144712,0.0,0.0,-29.583072231242113,544.3873574691022
-140.37841281749888,824.2908500079448,923.0412373820026,9682.754898460049,78.62539813621291,243.3093318368175,30.550345240270055,407.5682674717333,99.76641797812334,5973.876402042235,-4.016785313433743,81.47646833995555,90.89179967365912,776.5988106826572,0.0,0.0,222.37819792725233,8808.353832513681,-13.574846349907942,129.0811879606559,0.0,0.0,-15.968872644181763,342.9492348668596
-132.36008377931935,782.2343010715101,938.8378599991088,9117.509560491675,84.63265762761544,251.9001842435865,15.888063368567641,277.8061090856401,57.55069593562451,5071.014951399926,-1.6636380513182587,74.44196654528672,92.95083151980782,787.7524089142116,0.0,0.0,215.74155502714356,9229.02520365103,-7.450374187225695,94.73835029371001,0.0,0.0,-6.1194160315215145,219.67523221783267
-120.94577913010947,744.4544224993542,942.5477761501813,8690.37500420693,89.37967945046876,255.5972920242808,5.429600502388443,177.32920489901383,28.246820173997616,4622.453593590341,-0.2090552099420978,76.04528735945654,93.88191108655607,781.6164330444453,0.0,0.0,204.54900696235123,9466.823283326974,-3.2927193732142133,78.14577629726153,0.0,0.0,0.06710312930325735,154.33106981838787
-107.31085129465008,700.6442638146792,935.6950363866381,8393.389751089107,92.53222715516583,250.8708512684366,-1.2508820889437626,113.03649969215274,9.659342941813941,4603.128775220316,0.5890835529480644,82.74953463703224,93.75474265260821,761.2052757620164,0.0,0.0,190.04852613709085,9482.314223795167,-0.7332310811140207,75.18655986167144,0.0,0.0,3.1265282178746103,132.63034847950107
-92.6033976108544,644.2493462747864,920.2378409512401,8193.481570946497,93.89394517477935,239.20068827334214,-4.929803963425287,81.09636097488334,-0.7278577371990349,4955.0810020825365,0.9474271028803014,91.17915467893086,92.69048496592278,730.0330109568597,0.0,0.0,173.58185764284428,9258.010649516422,0.6353147197255857,82.45861583386893,0.0,0.0,3.9044994114444234,144.88106268992095
-77.75988690190195,575.4827276173736,898.2354545673439,8043.944613265589,93.34186886381852,226.89397875750745,-6.415917331256937,73.68140604101846,-5.2177299441987435,5605.92793883621,1.0030584784679657,101.11766803669282,90.84114090519375,691.9587639625482,0.0,0.0,156.3710592902069,8814.081724400952,1.175848023665509,96.99671911988193,0.0,0.0,3.3044404154432523,185.24118320421562
-63.50303618775886,499.31017539538243,871.7874833459737,7868.071687909797,90.83612390427504,219.36015092264606,-6.43243493319938,84.41215858057582,-5.775907531082842,6449.134423941573,0.8421009035986581,113.90546437822319,88.39322989135782,650.229886023388,0.0,0.0,139.40507497677757,8206.565376422017,1.185459562252799,115.32827692561898,0.0,0.0,2.117416808886338,249.94658139917726
-50.36401115833,422.41147962341415,843.0144109380781,7530.175794634953,86.54891249492013,218.7369098973351,-5.590703533171999,110.44900494408735,-4.049444719403102,7311.499146654267,0.5535187255038507,129.0889417970892,85.56806859343884,606.3736201316323,0.0,0.0,123.33328536289986,7517.818365562591,0.898064796513323,133.41392140818076,0.0,0.0,0.886147207107162,335.1217322124754
-38.69937077400765,350.5769640257963,813.78173472915,6853.215590688985,80.8461858191365,220.8527577534602,-4.326920457963597,151.03389298334744,-1.306508900234926,7901.978258380723,0.23998719940968416,142.98263322215357,82.57478668636801,561.0995339327593,0.0,0.0,108.47681702077898,6828.620580823218,0.4868677960173439,145.51750791413215,0.0,0.0,-0.13647939846292842,426.64521270006946
-28.720351939700507,286.12023913188654,785.6025961126071,5728.943314702001,74.19613792992105,218.5433316194113,-2.9405286757549023,202.7475301860512,1.499301326269984,7879.506857877251,-0.021236896587658895,148.97518239370498,79.59064381419336,515.2713408146157,0.0,0.0,94.94052446297417,6202.046661575828,0.08136733495560344,145.3334138461136,0.0,0.0,-0.9042567920421555,494.6793103880763
-20.50806154931875,228.4485199048643,759.5348906267084,4271.2614339544,67.09422569964656,209.98193959149754,-1.6500294971282432,251.6154188382014,3.708462466521994,7012.744592805389,-0.21952185112600792,140.53611240308103,76.75470816024057,470.6241167471375,0.0,0.0,82.70645475729044,5679.077866700854,-0.22818139595608916,129.3403064110227,0.0,0.0,-1.459338018985293,500.5802378427587
-14.025805132694204,191.37194950664278,736.2365795548004,2841.9271785030096,60.04613462724445,197.7926387091592,-0.6148327991587034,270.52003664754835,4.972627175686569,5384.159879390342,-0.3896990031922814,116.98031419223184,74.17152665107987,431.1850307428027,0.0,0.0,71.73221924880498,5281.939235077002,-0.394832803202409,99.58163255487231,0.0,0.0,-1.8367266491175402,423.0288283348561
-9.02869668139079,203.86900445630664,716.055688628967,1823.3420042044606,53.56625605209311,186.05325736168425,0.0661533324584718,235.08297685990593,5.261719304807396,3424.2125963964336,-0.5561949374439219,88.61331848123174,71.91882115625404,401.5671009442554,0.0,0.0,61.95814329300855,5013.54164458306,-0.41977004771631715,63.51473455303644,0.0,0.0,-2.024491735534605,280.48719793562134
-5.188338338972747,263.07942319885575,699.1369115845788,1413.4150910304163,48.13192421828374,176.38672752948605,0.35816683762905965,153.6693975389197,4.819492027194938,1737.7897459865621,-0.7087264576305975,68.50334939802502,70.04722964771155,384.1989639346465,0.0,0.0,53.29743547729279,4851.322642377056,-0.3445335892198307,31.732780938089114,0.0,0.0,-2.00028811713091,134.24744497541425
-2.169918282907671,322.43755854598754,685.5320639420779,1494.9248681573224,44.08919201596351,169.19751274372464,0.32864011926553277,72.50790959275069,4.052012347153384,720.2558062424018,-0.8329148059910032,60.591185456384345,68.58680952191698,377.00629493289944,0.0,0.0,45.6349036533957,4739.346048800746,-0.22737537738519534,11.782050606079148,0.0,0.0,-1.778096169076204,42.52309961427397
0.3177006250523633,339.25272787505446,675.2012805725763,1769.7562974745954,41.54765826493678,165.68098719743972,0.13540875310242878,28.27819677893752,3.340325118044597,319.58583901410526,-0.9200574426283582,59.11261115582138,67.53826025385932,375.15918238012966,0.0,0.0,38.833806304038056,4620.685917516981,-0.11559598644595914,3.559712873017815,0.0,0.0,-1.4118352134843932,10.242946259847805
2.503451471386934,308.0057340008857,668.0462855120838,1952.675047366311,40.36972222492785,164.1614239179401,-0.0824147094119442,15.73425597598155,2.8447095659499015,227.5894569289586,-0.9693100807668281,58.708277327901925,66.87828365283366,373.8907382291578,0.0,0.0,32.734465388209244,4480.340419355846,-0.026008807996848023,1.6883400299323104,0.0,0.0,-0.9645337506193881,5.216985775814712
4.552781561049874,253.48456707097822,664.0454578333397,1902.2071792229472,40.296744574799554,159.01586652983625,-0.2773516553910365,14.240264228906051,2.5195570406806795,216.81523417127508,-0.9810014190830777,57.52534144174077,66.58510999291997,370.7030833220116,0.0,0.0,27.14788251562428,4344.90384885603,0.04744119884290605,1.612085379789403,0.0,0.0,-0.4949194763570785,5.075078340691217
6.5868370620933145,202.57435479668527,663.2172597412624,1645.4070977181955,41.03514011796713,147.36389506582688,-0.4487915818977425,14.185462178292887,2.280945831587632,211.48359400860159,-0.9438006776792163,55.56527669972601,66.64712835337943,365.9869803248945,0.0,0.0,21.844673815711037,4248.535397892778,0.10742825253731475,1.656132284752178,0.0,0.0,-0.0680953782661429,5.167881789985954
8.701072175355247,166.4760211668569,665.6796744974638,1320.6784346368777,42.30982799219394,130.326305476557,-0.6058243412830384,14.270194215234932,2.071861474751653,202.71856092537627,-0.8530927373397568,53.450624749708275,67.07700696557423,362.46880069915187,0.0,0.0,16.60887808772005,4213.743000178206,0.14876596665070863,1.6254486976756153,0.0,0.0,0.2536134155173558,5.548035959965706
10.981451848024498,144.81062662605862,671.5644426022405,1067.3988900608776,43.89564068937526,113.4680574167085,-0.7547085059519948,14.80001050758335,1.8661064523982545,192.60450597032843,-0.7163697955231807,52.09962850956079,67.89737124374544,363.0823816276798,0.0,0.0,11.265647106238603,4248.329732552567,0.16466993543248304,1.5889635726362519,0.0,0.0,0.41949237827484037,5.858109178926921
13.506706252364111,133.42982346462992,680.9327447405125,941.9958995053878,45.65024268211353,101.7771495072219,-0.8993184280036622,15.798283880324501,1.6203703086422432,181.90474113204982,-0.5540961190246321,51.951106611204324,69.11891353344093,369.34380125270155,0.0,0.0,5.711686320060061,4346.6600694564195,0.1601414408459082,1.5769569891930997,0.0,0.0,0.4280211653070844,5.931384066408077
16.356775803675603,127.73549188252889,693.7508022645421,922.5664893689751,47.52176613631415,95.52324426242429,-1.0479506419094355,17.09379303061671,1.2506191858658935,170.65296422089787,-0.37876010909809255,52.730934184845054,70.73241625402002,381.3351716742771,0.0,0.0,-0.08547108728808683,4496.235942151788,0.15304792458023178,1.5846715610398936,0.0,0.0,0.33683215178222176,5.873588667891626
19.62870755114109,124.43282163328587,709.9169484129858,961.6768721819019,49.54058394848595,92.61240514607451,-1.208949333287866,18.43642416268279,0.6327567716998896,159.13197361485436,-0.1948804182345335,53.92302979765022,72.7173241616601,398.47587088972216,0.0,0.0,-6.141955390302161,4685.4264696917635,0.17073958833260888,1.5945142131869643,0.0,0.0,0.22301305140000433,5.682002414208334
23.462606893050303,121.86777416389955,729.2941439803146,1018.2780598862449,51.77245482497034,91.49660890878985,-1.373128359146263,19.519391896575744,-0.3597642021063167,147.93948132969612,-0.022877334838430928,55.22718511930928,75.05215470329273,420.1475279810726,0.0,0.0,-12.525007565561298,4910.148329581131,0.2410784352063291,1.589951753364993,0.0,0.0,0.1261932154947884,5.501630440200811
28.029935535726114,119.68986227090313,751.7164148413339,1071.897125285768,54.28444281700937,91.70517320881568,-1.5052987367783692,20.09098020525405,-1.8073980387082618,137.96963719928405,0.11142790509160021,56.50945738063173,77.7189760822839,445.9888662535452,0.0,0.0,-19.377125589007537,5176.149365616028,0.3799007423968316,1.5705501707928848,0.0,0.0,0.024922708843597128,5.4970831400792175
33.502605608769144,118.671493299614,776.9829241436823,1125.078377387164,57.13967937665397,92.99428572467097,-1.5414243568662327,20.04483977095762,-3.724733550683375,130.17963248592835,0.19701266151907848,57.70381745746022,80.70398727882174,475.9975199124775,0.0,0.0,-26.88263136850246,5496.873994149185,0.5854319885306909,1.5507770754612662,0.0,0.0,-0.14679364544789023,5.744346589756142
40.02567489669524,120.46513158607243,804.7985503386686,1199.758664894198,60.37991687489685,94.89888394649665,-1.3845043589354449,19.49143059309422,-6.057618479880059,125.32364824999496,0.2651085106151207,58.87036468756081,83.98446349453168,510.43324142518554,0.0,0.0,-35.219406800353624,5887.511325508432,0.8431075164059487,1.5533791416277234,0.0,0.0,-0.46679692286293123,6.313963309828367
47.69234647422778,126.98834790046132,834.7073999014071,1315.2205334715748,63.989392027803525,96.64461236101211,-0.9083663405595773,18.769090874066126,-8.659994328388606,123.7321531542564,0.4003772321384216,59.94618918017484,87.51712969930531,549.3235229928218,0.0,0.0,-44.523079080659585,6357.681928446948,1.1287317958276029,1.6031984505804666,0.0,0.0,-0.9857464962279116,7.078295581622968
56.53143592877296,139.9652985916482,866.0023139301878,1469.4596025928308,67.85517147659775,98.33440815437105,0.028845494286388676,18.279845808253267,-11.256179296322209,125.03935749772067,0.7067512143202552,60.413729635071114,91.22324075170097,592.0552109521119,0.0,0.0,-54.845218752620575,6905.731522331943,1.4102086408466814,1.704398276476253,0.0,0.0,-1.6843145130240598,7.680001489636095
66.50679301293142,160.83678615562226,897.629004947976,1640.895078324288,71.78023814191397,100.40579462128015,1.5630580956815434,18.456909819652278,-13.370622351858955,127.89402725817138,1.2810947892046953,60.102793177856434,94.96978503733067,637.2135894113193,0.0,0.0,-66.1143310266642,7515.8153654415855,1.6432907907938872,1.8224986222977466,0.0,0.0,-2.4360590261367743,7.762572412286603
