pelvis_tx_mean,pelvis_tx_var,pelvis_ty_mean,pelvis_ty_var,pelvis_tilt_mean,pelvis_tilt_var,hip_flexion_r_mean,hip_flexion_r_var,knee_angle_r_mean,knee_angle_r_var,ankle_angle_r_mean,ankle_angle_r_var,hip_flexion_l_mean,hip_flexion_l_var,knee_angle_l_mean,knee_angle_l_var,ankle_angle_l_mean,ankle_angle_l_var
0.0993547856189394,0.008735525902443647,0.9917987853535362,1.364171359281577e-05,0.015909936232575764,0.0002795521694537097,0.40431859090909056,0.0006074681125851704,-0.12612368585858588,0.006419757226032377,0.0997742048737374,0.0010399550071851654,-0.27341116010101024,0.0007853298459075996,0.016903476173232325,0.0003917388922350369,0.31964081060606075,0.0002765596471080692
0.09985830467477806,0.008734910369104194,0.9891165587695133,1.4589731638000202e-05,0.015530241948056318,0.00026612468632767564,0.39206257239057224,0.0005656236233663685,-0.0699955937627181,0.005983122640685136,0.11018146603688399,0.0009790281249627106,-0.28546282101316206,0.0007994572747961469,0.010743309384205696,0.0003983227585759821,0.3292670096163658,0.0002881231392171276
0.10082803822637994,0.008712027585367065,0.9868417643862871,1.405311273376063e-05,0.017984056803606773,0.0002469437987852446,0.3769990801193759,0.0006050727390240363,-0.025117534845541273,0.00557464298220992,0.12067826781578417,0.0009110597151142021,-0.3001882341342722,0.0008911876361807944,0.002331548967564535,0.00042492590222009035,0.3382671888327723,0.00030830508752339395
0.10218828334374035,0.008715833340005679,0.9848556998010407,1.5018820721070983e-05,0.021931629353420582,0.0002163941846714772,0.3615299609733701,0.000552530229235243,0.006313864389478349,0.005049903920459236,0.13109319230410157,0.0008427333355405615,-0.3159212413529234,0.0008237152440518584,-0.007950018404629625,0.00046564747498897813,0.34607733142026326,0.0003110412952413795
0.10345966724594434,0.008730430450505327,0.982916644194471,1.593323177745494e-05,0.02432207186815122,0.00021043081914650917,0.3508965253800634,0.0005361841098673191,0.0209617547915566,0.004580262200673658,0.14061351455540247,0.0008133527788718042,-0.3282850329303134,0.0007872896007316722,-0.02065082855811909,0.0005601546711118785,0.35182724637792095,0.000321077974696938
0.10473455723171109,0.008725519126642546,0.9812001473063982,1.6037429163447126e-05,0.026080913290171925,0.0002053183862817476,0.34453652017651254,0.0005179083039317862,0.01769622762560198,0.004205895947274122,0.14608021764794413,0.000847004732883809,-0.33821994964799473,0.0007705562542114559,-0.03615388063916947,0.0007233185070924634,0.35556716605448435,0.0003396002452393641
0.10584573814318947,0.008719819824069663,0.9797755889194995,1.5753069038023253e-05,0.02673463391881695,0.00020680398732317418,0.34277934626568685,0.0005168223673919751,6.17108473752671e-05,0.0039453910108591984,0.1415283163353228,0.0009408797877122641,-0.34449774594429167,0.00080029386163083,-0.055440260802877186,0.0009774403649417211,0.3570166094276093,0.0003818619636231441
0.10686290541939596,0.00872467625384353,0.9786885415518826,1.592378970931534e-05,0.026430504897145716,0.00021659413139636004,0.3433286277675745,0.0005533514828141763,-0.022255932807402314,0.003728219720170818,0.12578033734057753,0.000999227913983962,-0.34721835858585853,0.0008189598396095996,-0.07863269715054595,0.0013767570443854737,0.3558840959595958,0.00050112530860592
0.10797722887654836,0.008725084883243294,0.9780259242679314,1.659488940581176e-05,0.026332801770528012,0.0002289718111026711,0.3419011135598412,0.0006579982200180504,-0.039888428440715225,0.003585800820666323,0.102667186647536,0.0010883404442698357,-0.348123543898582,0.0008498179447001684,-0.10527381565401492,0.0019823970345505043,0.351461181325885,0.0008263701559132696
0.10936689943526176,0.008723685370993784,0.9778266202938469,1.773547984613961e-05,0.02732642870886367,0.0002328016836777992,0.33559189072543594,0.00084831301971696,-0.049460404887098255,0.0036484938189362192,0.07455656389439852,0.0012622469797042093,-0.34860541276400364,0.000944784668986985,-0.13487824249770422,0.0028508897475258053,0.34346734522497696,0.001479597188982686
0.11101470312008971,0.00873087569861441,0.9779831594990306,1.8790809075807966e-05,0.02900097381950311,0.00023555669046233465,0.3253260092847669,0.0010754898842416623,-0.053752676191791596,0.003847140611732435,0.04199377337715536,0.0014410784366043667,-0.3485574310478522,0.001182294066937484,-0.16672094499744924,0.003968757681175768,0.33147606992143686,0.0024582697657810977
0.11299788386038169,0.008724268869335798,0.9785183785072946,2.014755754519097e-05,0.031774782957996635,0.00023296845087681612,0.313597573849607,0.001329242692377029,-0.05938987080246909,0.004062984894134208,0.011296191791526357,0.0013699537451304377,-0.3484389317620649,0.0014172141413769071,-0.20067354988776645,0.005212010747040122,0.3148792379349046,0.0037599232904714512
0.11514233907078363,0.008720038016107776,0.9794570655035199,2.117112541355627e-05,0.03474804003710591,0.00023550680598144951,0.30404595332108986,0.0015726531599872767,-0.07084478204973982,0.004190808821965646,-0.0075885961947505425,0.0011001892844236518,-0.34611898359504156,0.001823612876490062,-0.23766903989898996,0.006419119994092658,0.29302183264462806,0.004485104981013946
0.11732662010016831,0.00872188913343713,0.9808658036424849,2.131304905584248e-05,0.038028517831754434,0.0002341656676970908,0.29528385016835024,0.0017548673304763733,-0.0860762891248852,0.004353890531712903,-0.011477973632983881,0.0009095218581292533,-0.34039828748342005,0.002481261503462543,-0.279401992842567,0.007523577075760705,0.26519982843587386,0.004086552730650953
0.11931189133300169,0.008725481838597034,0.9826982052596666,2.1568738626484802e-05,0.04092055596983728,0.00024728181142629174,0.28546181494235284,0.0020386206339299833,-0.10044437273237428,0.004662931376873975,-0.0052929091557238975,0.000832021999308402,-0.3297586695490256,0.0031008903398010114,-0.32637868532037556,0.0083322078738014,0.2298110334175083,0.003552234171676658
0.12105773778627199,0.00871987444740916,0.9848859185032143,2.1636733405554197e-05,0.04305172402229799,0.0002381543024727954,0.27384943370217335,0.002355150077280382,-0.11148062592592596,0.005049546098246191,0.00541771422287267,0.0007905196215450928,-0.31322967936945173,0.003590711045090285,-0.37847383415977975,0.008871724480963116,0.18504692376186102,0.0034968333355139825
0.12261887566980416,0.008726712633471882,0.987413742602796,2.1115634258710657e-05,0.045131341199126644,0.00024891640185442464,0.25957639053667986,0.0026459656933587603,-0.1188248297673707,0.005440954141557217,0.0173162932725921,0.0007724383283090636,-0.2914213636108557,0.004119607371665273,-0.43534861449086876,0.009243197974977977,0.1302872806233548,0.003972462944081029
0.12393542044605137,0.008736336944617581,0.9901568244566878,2.016687414225648e-05,0.04685832955846342,0.0002544100546057462,0.24294468544536266,0.002949924552689647,-0.12188377325017849,0.005804362286348245,0.02898514548622081,0.0007956870114885437,-0.2640373764156719,0.004502474532554032,-0.4963006737016632,0.009471417291831263,0.0671987166587846,0.00477055295231647
0.1249616052222223,0.008733803625779116,0.9929336427915524,1.9016094329285006e-05,0.04807062542699728,0.0002497989803737259,0.22437543898071607,0.00333314485191895,-0.12057866873278227,0.0061715456528630835,0.04034923916108815,0.0008473421854931794,-0.23128513296602388,0.004517949919393561,-0.5607549030532599,0.00961398461852969,-0.0012041405859665242,0.0057351336650448125
0.12561363917970098,0.008750611327349637,0.9955913076726866,1.602899116012809e-05,0.048623736454570944,0.00025725122466899457,0.20479896716151394,0.003461393148617011,-0.11565671879910211,0.0065478063024342024,0.05127147102629835,0.0008818885417049692,-0.19364300038261384,0.005037141351359232,-0.6279342636924801,0.009905100599804149,-0.07280170147777917,0.006859141317178499
0.12607362580315787,0.00875939188098009,0.998155873482298,1.3934954556366844e-05,0.04992673649474542,0.00030429351893082834,0.18330852032190587,0.003717824989819575,-0.10863196092898685,0.006951267603659158,0.06145727359333239,0.0009326794154139327,-0.15423398672125282,0.005062945016674689,-0.6959008113100701,0.010296332524844333,-0.14659257286909522,0.008118017142822396
0.12637326999028162,0.008769039462848436,1.000589104453628,1.235745111471439e-05,0.05219856648454233,0.0003623928397386152,0.16058703419038886,0.0040624160446819015,-0.10113761203627183,0.007339089079131845,0.07105515533494035,0.0009848529136802391,-0.1149349230915213,0.004801798937150488,-0.7615591825221922,0.010889250895322536,-0.22113702492118156,0.009410734477879892
0.12674575345286196,0.008763745863186631,1.0029810648148143,1.1226047489844431e-05,0.05668246394219975,0.0004051945314662197,0.13604923824354673,0.004414287950080933,-0.09513597509539828,0.007566505398506638,0.08047989059175084,0.0010254070692961063,-0.07877169961419747,0.004495164000624111,-0.8225549378787884,0.011882431973304707,-0.29161789116442216,0.010165563393088653
0.12678626364353124,0.008752616700217134,1.0051579110039792,1.0321682650642403e-05,0.059930443462401756,0.0003635214540698347,0.11376220852974168,0.004543757116227819,-0.0900190567834915,0.007688686318762646,0.09011026145385678,0.0010837200350829977,-0.04232049071639108,0.004086760802752388,-0.878268609366391,0.013694244492308764,-0.3452631063320074,0.009715683375792965
0.12614997272352302,0.00874753755330857,1.0069963691460067,1.019814449458522e-05,0.05949925522436479,0.0003058804619405096,0.09664308802035514,0.004768615016976584,-0.08518808005165299,0.0076375765189382805,0.09967967941574833,0.001141073773113218,-0.0020149865803795086,0.0038990200607229093,-0.9301410059840842,0.01627984246122931,-0.36985391987297256,0.008736596697030715
0.12465425339092949,0.008762270773760399,1.0084397329099073,1.1494207785949901e-05,0.054305272197326865,0.0003644778623237103,0.08542553631588608,0.004873302607093392,-0.07942031267291612,0.0075039239597673914,0.10878889873719524,0.0011737717143099824,0.04331038179839312,0.004145817279955975,-0.9769848218243028,0.019150851521409128,-0.36426041183297614,0.0081099445205497
0.12280006616694722,0.008776203316087586,1.009700319304152,1.3400959999844967e-05,0.04750157511493731,0.00041176972665340675,0.07593750650540752,0.004883915197204322,-0.07277507713468011,0.007332083743700352,0.11724337850910624,0.0011944884551577308,0.08902454636353438,0.004275806105819033,-1.0167308943523619,0.021727852326554387,-0.33715774110039787,0.007782115068190556
0.1208496403753443,0.008761011287941885,1.0108874717630851,1.5110133100400621e-05,0.04063904613466481,0.000368323724690034,0.06645720382185491,0.004799057240811852,-0.06579561464669414,0.007129227887342471,0.12479543869628094,0.0012197583619730737,0.13304540892102856,0.0040707645562307005,-1.0489679880165288,0.023422478585759316,-0.2984362067952248,0.007413516911244263
0.11893073944928319,0.008758110649674326,1.0120376655443322,1.7241073637187876e-05,0.0344986014563284,0.00032598742454038713,0.05635572891608002,0.004611277447733317,-0.059181158154377085,0.006884728311034654,0.13172364922525764,0.0011966136505456445,0.17445940773543547,0.0038451328645273865,-1.0743222614962757,0.023606032274442617,-0.25461425677736954,0.006834323637318986
0.11738528834295486,0.008756078436911133,1.0132724611774304,1.9179943226905148e-05,0.031205066918304252,0.00028006045567333316,0.04378435981669726,0.004460702327066033,-0.05471820175630805,0.00653223924342026,0.1388601023289715,0.0010903875318574708,0.21043019669523524,0.0037662621956868585,-1.0928054526349344,0.023158667715215187,-0.20977108797316593,0.005901911479049588
0.11586460284970922,0.008749368481383609,1.014442595117845,1.9913770066814478e-05,0.028806896209672462,0.00027444490446954444,0.031293056715702455,0.004337552220766714,-0.052240442949058725,0.0061758693907445995,0.14605265054797986,0.0009340121343978145,0.24369365201254972,0.0038182966032464646,-1.1045892455159936,0.022875342679534946,-0.1668112377869604,0.00482950722129277
0.11419587130435664,0.008735557757089148,1.0154391235843279,2.044923053219602e-05,0.026127078035659623,0.00027845367407973475,0.020225388921247818,0.004186959844139837,-0.051278914698066475,0.005889271416250565,0.15304595796502904,0.0007100841179388359,0.27589703600652987,0.004027043877074046,-1.1099540122880316,0.022786938604808345,-0.12857472724642888,0.0038618544225650256
0.112282278506581,0.00873686654579525,1.0162117486225897,1.9235722235955596e-05,0.02292475107037548,0.00032694056555827215,0.010920951776678373,0.00406752638908521,-0.051845235564330176,0.0059051798879217925,0.1595641105534893,0.0004937407260190452,0.30782751754922977,0.004470876946204095,-1.1099196782642073,0.02215428048867949,-0.09615496728086412,0.0031493138711120756
0.1105371563686868,0.008755093183851823,1.016927801346801,1.78523134195717e-05,0.021141920542087533,0.0004143562891991689,0.0007417601782827888,0.004015373171530143,-0.05394665081481486,0.006307663681157154,0.16607355677525246,0.0004436268105571576,0.3359073434343436,0.0049041731307681415,-1.1032832651430964,0.021507662731984373,-0.06950196903872041,0.0026268089044118367
0.10938783311029494,0.008808789794886243,1.0177348189215383,1.6714398188290083e-05,0.022797186723375194,0.000511877982443208,-0.012997572945041414,0.00395058892794153,-0.05768166704428631,0.007142819805722549,0.17320951989794395,0.0007784748752286193,0.35668494283746544,0.005334970360535831,-1.089277787904295,0.020966144303126082,-0.047280363111391624,0.002279301605562887
0.10895730936480966,0.008828089862530352,1.0186463081828376,1.5039669782513172e-05,0.02818766209916336,0.0005667192023610975,-0.0309265406104735,0.0040213246293478964,-0.06276365700216308,0.00812653095764449,0.18166918577545663,0.0015633595458751772,0.369506093995511,0.005608206957892872,-1.068027476424344,0.020460113912346742,-0.027742659828639802,0.0020657275243577402
0.10787541862947653,0.008772060621470165,1.0190401558769515,1.2441781321661905e-05,0.02973541685169879,0.0004871635411618381,-0.043859966196281,0.003923760715581463,-0.06725248884297524,0.00912680434275109,0.19076169820179073,0.002320349488556848,0.3853233624885214,0.00571192317311309,-1.040868210137741,0.019795647171587837,-0.008960948813911818,0.00193952973230264
0.10536185905693295,0.00873428330852521,1.0185620112488516,1.0331807944249586e-05,0.02347135703521321,0.0005147293406257974,-0.046723052816115634,0.004058819629445154,-0.0705467960986124,0.010103442183356424,0.19973079194125581,0.0025139964617039313,0.4100887059075605,0.006296876300144753,-1.0088972878425664,0.019089163908350342,0.00953111241995975,0.0018004763112358742
0.10235734780619325,0.008747976928155233,1.0176030768544033,8.48741356224067e-06,0.01419857881326648,0.00046442063604511166,-0.04603208036759006,0.004122819777785351,-0.07275287983062952,0.010777264476541074,0.20897993639748497,0.0021534811524890197,0.43645735902561,0.006767136112976515,-0.9711289874247528,0.0183305025906704,0.027056401718750723,0.0016411638038821995
0.10009107941188394,0.008764660355786645,1.0166991680440778,7.0877279597122906e-06,0.008520377476668176,0.00038702446295610447,-0.050069461460514185,0.004261782198020929,-0.07543215189011328,0.010943050611460498,0.2194454146436335,0.0016909366535390955,0.4546361692959903,0.0071125819482053395,-0.9268609338307312,0.017549995830801534,0.042385163085399524,0.0014703522126163725
0.09834826424978824,0.00877707633658631,1.0157241465156612,5.967149498427499e-06,0.005188842996431476,0.00029452658948587405,-0.05728670135830535,0.004611959327412412,-0.07823689348127748,0.010769346503218582,0.23068152526913072,0.0014087515106216704,0.46652923581522304,0.0072025393596661024,-0.8766842270329552,0.01645744562572543,0.055415634365319905,0.0013104604434020814
0.09718474292929298,0.00880584152691034,1.0146666272574225,5.57672500754844e-06,0.004157228554820936,0.00027998583985275056,-0.06744103659830636,0.005117915173402636,-0.08138445994337316,0.010163321465438606,0.24228350509675017,0.001268523303955449,0.47255029157739004,0.007419542467806175,-0.8212557737807363,0.015294651507200673,0.06568055955121939,0.0011837441984318096
0.09636225615656564,0.00880342856633484,1.0134259649525557,5.249773996981492e-06,0.003946645342998168,0.00027359099300051703,-0.07882538132920114,0.005613270435434011,-0.08429491684113867,0.009275313612178593,0.2537889778034128,0.0011998250665694874,0.47480197310223465,0.007686559100584393,-0.7608255905417809,0.014061557449579196,0.07322143280456075,0.001106092151188481
0.09557660153866952,0.0087662423570925,1.011911973905724,4.996895129441074e-06,0.003279189957825727,0.0002441340431390351,-0.08999568344939288,0.005955870407028074,-0.08670601274869914,0.008058355442461564,0.26500284466475355,0.001147787708621236,0.4747676418350166,0.007848689466072426,-0.6954841914728089,0.012799337283846718,0.07802918154269974,0.0010745644068856253
0.09455147713299661,0.008761459188115982,1.010007693602694,5.321374509687231e-06,0.0008014143469640717,0.0002587836219540994,-0.0991159585774412,0.0063932278793006675,-0.0888038031144781,0.006703281678000965,0.27576151803002247,0.0011254757138388306,0.4742362302104376,0.007992421061508841,-0.6256195560606055,0.011572186474070814,0.08014368914141418,0.0010754329589775357
0.09354792102043161,0.008747582594124162,1.007826116850321,5.618913496676564e-06,-0.0022770308747130453,0.000279813199542125,-0.1079197258976125,0.006624968131050237,-0.09047700160697887,0.005227530948177581,0.28653942618709816,0.0011245374437721491,0.47116947777777773,0.008260978110917833,-0.5508697905876953,0.010501336132872657,0.08015636566574837,0.0011229000516972832
0.09306538217403833,0.008758903185605243,1.0055784016426892,5.589385973184957e-06,-0.0033768406811225853,0.00029896634711510045,-0.1199744271936538,0.006980229144875103,-0.09156783992704837,0.003851894266410312,0.297925005594404,0.001167809251506383,0.46198470982297696,0.008382744430243744,-0.4713615745842252,0.009469510761782436,0.07893196490383635,0.0011800915981913765
0.09325209002140086,0.008765501169856667,1.0033216065197437,5.500374530414623e-06,-0.0017988537435389134,0.0002862574063378111,-0.13629389372513023,0.007239067062220987,-0.09190609437047231,0.00264502518619358,0.3098597229411541,0.0012484806752520283,0.4462866566676864,0.008422199781884208,-0.3885600885442809,0.008440691289026725,0.0774454080088766,0.001231819595523881
0.09356949274112329,0.008774310031548643,1.00082488207836,5.955478252795006e-06,-0.00034620814757422723,0.00026903012970819846,-0.15292663352464034,0.007337318779982613,-0.09182332008723604,0.0017478355062371493,0.32145464727188555,0.0013162995271694304,0.42881829912763997,0.00845242953014839,-0.30505527231404944,0.007362925261522728,0.07644199447199265,0.0012755171229496287
0.09384392054100603,0.008792198569786809,0.9980612218141014,7.338099136271761e-06,0.0003819423823870017,0.0002583514295487249,-0.16866747533414958,0.007292559577074208,-0.09216204145495356,0.001242359440130686,0.33275295795860144,0.0014005799144603183,0.4114950468319562,0.008467644644794596,-0.2239762362284458,0.00617372242624827,0.07669421122334454,0.0013252057273447887
0.09380131739866089,0.008785208338461959,0.9949750026527908,9.083174983897409e-06,-0.0010306819956535068,0.0002707602766099723,-0.18131516027956307,0.0073980256039299416,-0.09360452494643395,0.0010784363582998524,0.34354029552188536,0.0014567258105499328,0.3969751577900213,0.008357795890675819,-0.14813770320196903,0.004951240440339715,0.0787060453132333,0.0013598167993640724
0.09405193060161468,0.008793205632745165,0.9918909249311297,1.0259392175058237e-05,-0.0019000321765610673,0.0002723623173681733,-0.19388744977043176,0.0074155492810036115,-0.09673576467554339,0.0010964769026875468,0.35418537007116635,0.0014208944685672024,0.3824905989439851,0.008313314895794859,-0.0798046056705305,0.003780668788584863,0.08309396871747787,0.0013908958260260293
0.09465274882545657,0.008801685514913215,0.9890217286501372,1.0816889857245777e-05,-0.0011488750154741733,0.00029414256177512105,-0.20744271968166514,0.007602693052580897,-0.10240489054688305,0.0011028342956056732,0.3640741676331497,0.001456919282046667,0.36727829423018116,0.008240188283109842,-0.021248899751116993,0.0027095745150176325,0.08957039480410167,0.0013841224806641626
0.0955323648432099,0.008808970324791518,0.9864575308641972,1.1113730435683684e-05,0.0012450205527094126,0.0003167918929399978,-0.22211455116824838,0.008005178673062954,-0.11059262721916129,0.000987826969090694,0.3726185942125806,0.001533777801889911,0.3517479148301193,0.00810661091168602,0.025450429666207485,0.0018200325817846325,0.09822950028058355,0.0013065795731618726
0.0964373858016529,0.008800936655865345,0.984059554866851,1.1947537746405286e-05,0.0031788974828214044,0.00033622930228089835,-0.23504082093663908,0.008405070299597927,-0.12091339123048665,0.0009118480359084672,0.3787988956772269,0.0017614029414786414,0.3393231965105603,0.007768420982745254,0.05786809621763103,0.00119805414175944,0.10893533473370076,0.0011890171193067465
0.0973872223338946,0.00876798532264909,0.9818219360269362,1.2256420197366493e-05,0.004381272897962961,0.00036177884380598525,-0.2456581161616162,0.008496056978205421,-0.13362752323232324,0.0008782039646997165,0.3827736165684623,0.0020511134014798873,0.33073514983164964,0.00767074054320314,0.07382493999719421,0.000865878603476324,0.12014246102693614,0.0010100622770295702
0.09830315623635344,0.008785980249688725,0.9797977104887257,1.2549887703411192e-05,0.004691589303540461,0.00034552398322905355,-0.2535069374553618,0.008515475505842524,-0.1493862011963065,0.0008696026848435857,0.3845209557307929,0.0023322615058490328,0.3261544356188143,0.007481846552677132,0.07287052536118759,0.0009196487815286014,0.12661931229721463,0.0008431270339740852
0.09937092397574229,0.00878970799466208,0.9782205291551886,1.2812814065175218e-05,0.005876544005318341,0.00035104781845447103,-0.2602543683807776,0.00847618443001327,-0.16920619586776864,0.0008987870209957472,0.38426701570477517,0.0023236513989207683,0.32319229017447176,0.007316845588756857,0.05773729450566258,0.00134063646408435,0.12164408129017444,0.0008427053708240632
0.10038939147390583,0.008791610553231322,0.9769737236506483,1.3230946628951257e-05,0.00641366279448781,0.00036118980463251555,-0.2641359319457199,0.008351470815903324,-0.19261645228548127,0.0009448763294030181,0.38120699110473455,0.0021975157790181513,0.3222775487705338,0.00694669029700351,0.03645595753109376,0.001965496676605363,0.10378408341748299,0.0011071701947402474
0.10162833036042236,0.00879501983861173,0.9761778881746765,1.4326039648989656e-05,0.007850017102400271,0.00040376539272788775,-0.2671325389756148,0.008197189181460889,-0.21947572999438833,0.001007989084935417,0.37481141755509634,0.0020558146314079923,0.31932351132537506,0.00631931985432566,0.017222209709519334,0.002836270518346953,0.0781680732149268,0.0016230016767626574
0.1030367145861647,0.008799022915497721,0.975734739822467,1.5711156354031785e-05,0.009320628647294922,0.0004199044270445141,-0.26837151683501675,0.007942556311740562,-0.24921125244872974,0.0011292226256889454,0.3644715768403738,0.0019272716055771769,0.3129411004744414,0.0055572673108324625,0.005291359385154565,0.004050480908091224,0.04815246825780529,0.002354270470146664
0.10466454499589325,0.008816166037947581,0.9756419521732479,1.7205376594753048e-05,0.010876790541543743,0.0004357553743907478,-0.2675968080042851,0.007586599599353961,-0.28225680297928807,0.001307263817275044,0.34934077274181213,0.0018199028362254563,0.302597567702275,0.004911750054182052,0.0002382229385062499,0.005582812244183552,0.01566977797970715,0.0031851445627076413
0.1064644741337109,0.00882538818390996,0.9759270221916125,1.825428272807212e-05,0.012318748851682479,0.0004265645778374782,-0.264123244610244,0.007349506901513867,-0.31905618805989183,0.0016467923305775898,0.32846373938603207,0.0017588728361306843,0.29049387933323106,0.004257511883076036,-0.00205114071096905,0.007128707359141407,-0.012989322852395258,0.0034811769173138107
0.10844419532369153,0.008819108554646918,0.9767529267676763,1.9163691212664433e-05,0.01457810198282832,0.0004234267227452587,-0.2580644794765843,0.0071250114616650175,-0.360847073783288,0.0021711990973663016,0.3005757035789713,0.001821690798473727,0.2781247233241506,0.0037494746825743894,-0.006450907981014759,0.008471072515294581,-0.029288966610927544,0.002779927414605739
0.1105056762963881,0.008828814282477096,0.9781880457351294,2.0048745477609617e-05,0.017886372731675367,0.0004312277088672922,-0.24875006051678417,0.006809468059479597,-0.40851141027446214,0.0029463492056287038,0.2637878500721859,0.0020924892025923564,0.26554204262320164,0.003464960064508639,-0.014043382973798643,0.009290608142225562,-0.03205616537322721,0.0019839135814405094
0.1125544284281604,0.008841544154067783,0.9801400671104987,2.0725582373970004e-05,0.02159855427361239,0.00044210030067736025,-0.23484497460463208,0.0064905891049720985,-0.4619364843612894,0.003943145176923564,0.2163164069980105,0.002659032177589518,0.2523579675288236,0.003339762348973116,-0.023097577456795238,0.009605863725145372,-0.025306341653014992,0.0014775802344708835
0.11452209386868692,0.008831568531101893,0.9824859654882155,2.1143329411547414e-05,0.025142881420707107,0.00045729275649454494,-0.21555721509259237,0.0061530361559404235,-0.5200757644781148,0.005115052329898418,0.1571893046296292,0.0035405186160441414,0.23794058333333296,0.0033358928669675204,-0.031038921313973115,0.009482545501348348,-0.013884937694107664,0.0012588652472798787
0.11640625026206504,0.008821831183883935,0.9851658764411788,2.0902755522212393e-05,0.029468315651005012,0.00046487095135288724,-0.19205210826446273,0.005838934754387975,-0.5821750951433526,0.006342227495425759,0.08883447366999775,0.004536627821078283,0.22022884521987524,0.003389067923317911,-0.03598242436968168,0.008998349314063186,-0.0012811036242908504,0.001155035263104654
0.11819854985384147,0.008811829409725422,0.988049287827773,2.0528281884403356e-05,0.034530076577415615,0.0004585119933338116,-0.16506442823104756,0.005352264803110676,-0.6466291460106112,0.0076660171187973225,0.014769816474244137,0.005564786719706657,0.19866919181716125,0.003403072178818576,-0.03653044397329354,0.008143875520147816,0.011337940276227053,0.0010806634629939478
0.11981333280378795,0.008811435022898191,0.9909998314202632,1.7844744183491052e-05,0.04026039413541476,0.0004198529843865584,-0.135044271856443,0.004997038949143228,-0.7125467847030922,0.009101609388528704,-0.0625332896040485,0.006848633785527982,0.1739600366314659,0.0035902174357928776,-0.03342256736531985,0.007062905473396746,0.023919941020584704,0.0010067492553298082
0.12106888141707482,0.008829397080193566,0.9938878753443525,1.551090861115616e-05,0.045422142852464126,0.00035374298130195586,-0.10149847338179736,0.00469462137363809,-0.7778298303387418,0.010416002341962651,-0.14398047979415476,0.008563201601991388,0.14833082715539198,0.0035757144154894265,-0.027548475596602284,0.005768129710101919,0.03615144235195402,0.0009356158039596768
0.12159055598326704,0.008859072075672984,0.9964522029384763,1.2913437242637726e-05,0.0472438252260994,0.00032356010080557783,-0.06272343536172294,0.004489628618438836,-0.8393333162942563,0.011519571983301278,-0.22442989519691955,0.01045556702449471,0.12627232504336264,0.0035511169100299503,-0.020012319012919534,0.004422279348178652,0.04771176345092345,0.0008674451163315623
0.12148847981381998,0.008890484834301266,0.9987281919191923,1.102261446279134e-05,0.04635413459274563,0.0003459869421803782,-0.020891116330807955,0.0045391827773836385,-0.895661279843894,0.012498305728209261,-0.29356190209136873,0.012527907710625145,0.10762159882920101,0.003504178583487944,-0.011733401713144832,0.0031143156932797204,0.05822252631772269,0.000799096215892775
0.12048769351188142,0.008930456226091244,1.0006188751147846,1.0249727535677068e-05,0.040844463816906366,0.0004438396369309848,0.026155807038274657,0.004831499064125955,-0.947347522171207,0.013535930590416535,-0.33937728768875647,0.014728925253944381,0.0942053857667584,0.0033579521257559946,-0.0012909413150164655,0.002032611288437819,0.06686313770125504,0.0007424402272404409
0.11905711600843792,0.00893596259093889,1.0023361668707265,9.068072745624002e-06,0.033747898534970906,0.0004298597569281721,0.07447329556907492,0.004852308968669291,-0.9945635236812572,0.01448127085702905,-0.35534497456662567,0.01660976667802956,0.08238180718676653,0.0030300703374881595,0.010589079937463084,0.0013613786151284138,0.07395675466278955,0.0007077606333110116
0.11780198229093967,0.008906916669069918,1.0040929487297217,9.224915724082954e-06,0.02866591952585703,0.00035551462131160977,0.11877082764179726,0.004547444890453771,-1.0354207981175394,0.015196944515924196,-0.34360512567722673,0.017417854555663158,0.06819806932690525,0.002794432292767714,0.022265815035108803,0.0009923613283759024,0.08048376387358441,0.0006738780167922364
0.11685421999056222,0.008861075522393482,1.0059518407815526,1.103778959153773e-05,0.026418583928930747,0.0003156213371724274,0.1574486080489239,0.004206668661115975,-1.0686054744464848,0.015656626976096055,-0.3119348490013771,0.016843985184754932,0.051042105169829446,0.002647387312469229,0.03255501504633208,0.0008590664882317238,0.08672703738394043,0.0006464920879362769
0.11612439556369249,0.008830650816694631,1.0078414859708194,1.3578374887975031e-05,0.026142815931257012,0.0002934606547243196,0.19165820084175092,0.004140711199659352,-1.0941537592592594,0.015893901298670816,-0.2691618307295174,0.01506818633585204,0.03233455340712678,0.00253082336532023,0.040818132499999986,0.0008128067789026103,0.09272444685746356,0.000633449250998373
0.11538054399686264,0.008819696964409927,1.0096216582491577,1.659841174115222e-05,0.026200173458524635,0.0002913881026892552,0.2237347170110194,0.0040621770984702625,-1.1126047027854304,0.015797909370291133,-0.2227175842929289,0.012484482568014724,0.014119514174624918,0.0025128917935402888,0.04720066494934195,0.0007715891088087862,0.09863376098867464,0.0006206752711252566
0.11435150102015611,0.008788039892782859,1.0111556573308842,1.850429622547065e-05,0.02543544556342973,0.0002972861872001174,0.2557938951050913,0.004183056003600899,-1.1250068478216502,0.015340156677315968,-0.17814297395622883,0.009628656527511005,-0.0018982464471993075,0.0025174500054901973,0.05179906478504747,0.000734560608616832,0.10422006462605866,0.000587084052767952
0.11296939378151463,0.008792943012921689,1.012410326471789,1.9468107566107033e-05,0.02354338353538922,0.00030925700597709654,0.2883668120115297,0.0043915171650616746,-1.1314992677532902,0.01462077631940296,-0.1403618505869297,0.007010176734876329,-0.014882441290684723,0.0024330382613073887,0.05414980236991125,0.0007162533602969055,0.10982601486838077,0.0005866196111468363
0.11114328794403128,0.008800908950508996,1.0132930114784207,1.914010187627693e-05,0.020006173817286498,0.000319002055817042,0.32220358287419654,0.00457270124521049,-1.132505632690542,0.01369797860696554,-0.11049561020661156,0.004939400283463938,-0.02414844961134074,0.0022677895335224134,0.05413648097314049,0.0007324109695766781,0.1162664195821856,0.000652831818242294
0.1091219389724518,0.008813357742754968,1.0138669562034488,1.744769555327596e-05,0.01606167875282109,0.0003207339792951302,0.3553434003673095,0.00468916119625591,-1.1280578962350778,0.012596500709159682,-0.08717361679739283,0.0033926128589464232,-0.0316695798977248,0.0021492129901386145,0.052206849943245495,0.0008192047748448247,0.12420739405672893,0.000660712297247024
0.10757267638496064,0.008885004508586378,1.0144314346240175,1.562076434689223e-05,0.014782747023972547,0.0003718329296791051,0.38256861506478956,0.0047543584293406665,-1.1169256398071625,0.011451476447821579,-0.06840827071357508,0.002310783681692694,-0.041995481600510226,0.002052553240456062,0.04888933761493726,0.0008884125100212332,0.13375463309789812,0.0006199992053113521
0.10650674551913072,0.008952704780722787,1.0149906539638816,1.4582529572910987e-05,0.015877405949681678,0.00047623042027306387,0.40393568951637593,0.004530917941304262,-1.0989179462044685,0.010388735891976118,-0.05169402072757884,0.001796079592915937,-0.055152313139883745,0.0020206595915987034,0.04498602625573916,0.0009149670116360391,0.14384481892408935,0.0005874166581240112
0.10594347362871133,0.008962586567499653,1.0155832749209264,1.2833788224658348e-05,0.019352389505394897,0.0005234263032236014,0.41892489114784215,0.00406722080279408,-1.073539487577798,0.009521028963670691,-0.03561516961150889,0.0019593124807494805,-0.07152741289280701,0.0018140631841861816,0.04098746128057594,0.0009074725413778569,0.1546001693781247,0.0005512790055715685
0.10506251640291814,0.008826241515257556,1.0157776853127227,1.0975592350478468e-05,0.020579788361993645,0.000542782540902845,0.4346029808029793,0.0031239983217725303,-1.0420798750382616,0.008931371195733336,-0.019365428877211432,0.002624422303348059,-0.08491962234837007,0.001809372887805682,0.03723278003673603,0.0008510661517980107,0.16514331642689523,0.000489383983842814
0.10303207525788187,0.008772985719900485,1.0151675638200193,8.661947715531187e-06,0.01525895416682729,0.0004792169441181308,0.4572264775635143,0.002486290394313708,-1.005559467248239,0.00872409825718537,-0.0030215272974439575,0.003003443229243121,-0.09016665482629331,0.001596938012768115,0.03480462967179367,0.0008016535459024386,0.17465269568411398,0.00044173827419030756
0.10116545769668908,0.008845885968935882,1.0143668103254766,7.0706235286824895e-06,0.010459765583221089,0.0003617798067594986,0.4761039407968572,0.001985927095422511,-0.9627197351290675,0.00875448257883588,0.011825300738496174,0.0024807397499489346,-0.09642182292929309,0.0013011926460329269,0.032676753109427595,0.0007408248257056229,0.1847908824635242,0.0004147049994902049
0.10009011031673448,0.00885437361829891,1.0136473540455055,6.248442784580559e-06,0.00960174595059688,0.00030906102560600106,0.4861887389552087,0.0016271142110086802,-0.9132300160952956,0.008871861434837609,0.024636595555193506,0.0017280446198402277,-0.10798361293271101,0.0010724232354915944,0.030185697688781737,0.0006934633334845261,0.1963746951994696,0.0004019713134993256
0.0995358032478467,0.00884926572830101,1.012838178604224,5.912319678677373e-06,0.010853944121625356,0.0002968679256644025,0.4902786124885211,0.00128094449334307,-0.8576740769054174,0.008954330679162108,0.03566465757277323,0.0012881846934613462,-0.1225520098025713,0.0010249010916106795,0.027859608715656587,0.000629299226486363,0.20870631496786043,0.00038191529921701524
0.09916090038066011,0.008840811486423504,1.0117615455055609,6.154149562645155e-06,0.012218297089381195,0.00029520871994397985,0.4913728735078055,0.0010443554827433363,-0.7967901782471171,0.008973070050289205,0.045429983592975266,0.0010838756205232413,-0.13751421432761973,0.0009608155734940966,0.025928329171793676,0.0005819117927960738,0.22077934703091515,0.0003503886938845577
0.09870828670503008,0.008772108888856713,1.0103273986327916,6.55431903079839e-06,0.012380883558391986,0.00027390887499289434,0.49121336276910516,0.0007333468360345984,-0.7309020982297709,0.008871478348960859,0.05403368915735644,0.0009741158216906384,-0.15127704294204697,0.000881244219589695,0.02454201362089583,0.0005308708833545492,0.23181616085093384,0.00031581722215549374
0.0977598522415825,0.00873516863279788,1.0083850959595961,7.282352062222347e-06,0.009478816024012838,0.00026985581707695503,0.492718201790634,0.0005251871484497472,-0.6611104498775631,0.00872683395319342,0.060533182877410475,0.0009162139694974779,-0.1611252479338844,0.0008400471876218573,0.023157733961256484,0.0005027387874858957,0.24166207116620733,0.00028345771038702864
0.09692821922303849,0.008735383966858119,1.0062017129374545,7.699690905559625e-06,0.0064289139675058294,0.00026104434037046146,0.49153198066523807,0.0004648274281037066,-0.5869081576114674,0.008684001133845326,0.06471341053815943,0.000912595121411528,-0.17119177859147022,0.0008071743600623515,0.022142051183784792,0.0004788177664557699,0.2517064563564943,0.0002791217103879309
0.09664959236960506,0.008740018278471606,1.0039683271094775,8.11145289292263e-06,0.005511818834093465,0.0002523670510701521,0.48441809320477514,0.00048580721304150294,-0.5084910017855312,0.008632174517309297,0.06764646252558415,0.0009416936806436384,-0.18468760658606279,0.0007943745763926951,0.021678512557983882,0.0004515093704809479,0.26274929576063694,0.00027110579818364033
0.0970760253999082,0.008742253528976,1.0017852774716869,8.124734611812101e-06,0.007676702578527706,0.0002514841209707544,0.4705304074074072,0.0005616708527039825,-0.42706774716865564,0.008564684196684482,0.07080783336891647,0.0009811945881809006,-0.20286239753596588,0.0008836563672542919,0.021803215131190705,0.0004288168133839782,0.274748703627181,0.00027029731240699905
0.09802845173102491,0.008744519675004721,0.9995927165850429,8.658591554847964e-06,0.012018283984685262,0.0002641070049622871,0.45165859106213596,0.0006613174427374328,-0.34459528333843414,0.008373152273308164,0.07535209630573414,0.001026986911057853,-0.22432534180185723,0.0009499651258599838,0.022205157067176833,0.00041403865462942205,0.28705809746454447,0.00026577805102210835
0.09924109506995202,0.008759480793295128,0.9973064288593002,1.0168110066189486e-05,0.01714071343544028,0.0002203191802604921,0.4305044407203343,0.0005885439071033514,-0.26391624133761804,0.00795960510494431,0.08207147675772886,0.0010586302478024186,-0.24688551604428124,0.0007978008105006722,0.02229903862913094,0.0004044582343578853,0.2993452944342416,0.0002561309884177506
0.09954940715757574,0.008790948331577812,0.9945049217171728,1.2694741461043489e-05,0.017053404041414137,0.00026621599198821026,0.41620692676767673,0.0006042016482143337,-0.1892679128787879,0.007335865447509756,0.09030877863636369,0.0010605150740878447,-0.2618891767676767,0.0007333612729081478,0.020635828629040398,0.0003952681313823939,0.310008704545455,0.00025910976830917126
